nominal_wage_2015,nominal_wage_2024,real_wage_2015,real_wage_2024,nominal_wage_change,real_wage_change
27947,35964,29561.03236725196,33357.65520652981,28.686442194153216,12.843336430576734
